film_id,title,episode_id,director,producer,release_date,opening_crawl,popularity,imdb_id,created,edited,overview
1,A New Hope,4,George Lucas,"Gary Kurtz, Rick McCallum",1977-05-25,"It is a period of civil war.
Rebel spaceships, striking
from a hidden base, have won
their first victory against
the evil Galactic Empire.

During the battle, Rebel
spies managed to steal secret
plans to the Empire's
ultimate weapon, the DEATH
STAR, an armored space
station with enough power
to destroy an entire planet.

Pursued by the Empire's
sinister agents, Princess
Leia races home aboard her
starship, custodian of the
stolen plans that can save her
people and restore
freedom to the galaxy....",,tt0076759,2025-03-18 21:50:35.120285,2025-03-18 21:50:35.120285,Princess Leia is captured and held hostage by the evil Imperial forces in their effort to take over the galactic Empire. Venturesome Luke Skywalker and dashing captain Han Solo team together with the loveable robot duo R2-D2 and C-3PO to rescue the beautiful princess and restore peace and justice in the Empire.
2,The Empire Strikes Back,5,Irvin Kershner,"Gary Kurtz, Rick McCallum",1980-05-17,"It is a dark time for the
Rebellion. Although the Death
Star has been destroyed,
Imperial troops have driven the
Rebel forces from their hidden
base and pursued them across
the galaxy.

Evading the dreaded Imperial
Starfleet, a group of freedom
fighters led by Luke Skywalker
has established a new secret
base on the remote ice world
of Hoth.

The evil lord Darth Vader,
obsessed with finding young
Skywalker, has dispatched
thousands of remote probes into
the far reaches of space....",,tt0080684,2025-03-18 21:50:35.120285,2025-03-18 21:50:35.120285,"The epic saga continues as Luke Skywalker, in hopes of defeating the evil Galactic Empire, learns the ways of the Jedi from aging master Yoda. But Darth Vader is more determined than ever to capture Luke. Meanwhile, rebel leader Princess Leia, cocky Han Solo, Chewbacca, and droids C-3PO and R2-D2 are thrown into various stages of capture, betrayal and despair."
3,Return of the Jedi,6,Richard Marquand,"Howard G. Kazanjian, George Lucas, Rick McCallum",1983-05-25,"Luke Skywalker has returned to
his home planet of Tatooine in
an attempt to rescue his
friend Han Solo from the
clutches of the vile gangster
Jabba the Hutt.

Little does Luke know that the
GALACTIC EMPIRE has secretly
begun construction on a new
armored space station even
more powerful than the first
dreaded Death Star.

When completed, this ultimate
weapon will spell certain doom
for the small band of rebels
struggling to restore freedom
to the galaxy...",,tt0086190,2025-03-18 21:50:35.120285,2025-03-18 21:50:35.120285,"Luke Skywalker leads a mission to rescue his friend Han Solo from the clutches of Jabba the Hutt, while the Emperor seeks to destroy the Rebellion once and for all with a second dreaded Death Star."
4,The Phantom Menace,1,George Lucas,Rick McCallum,1999-05-19,"Turmoil has engulfed the
Galactic Republic. The taxation
of trade routes to outlying star
systems is in dispute.

Hoping to resolve the matter
with a blockade of deadly
battleships, the greedy Trade
Federation has stopped all
shipping to the small planet
of Naboo.

While the Congress of the
Republic endlessly debates
this alarming chain of events,
the Supreme Chancellor has
secretly dispatched two Jedi
Knights, the guardians of
peace and justice in the
galaxy, to settle the conflict....",,tt0120915,2025-03-18 21:50:35.120285,2025-03-18 21:50:35.120285,"Anakin Skywalker, a young slave strong with the Force, is discovered on Tatooine. Meanwhile, the evil Sith have returned, enacting their plot for revenge against the Jedi."
5,Attack of the Clones,2,George Lucas,Rick McCallum,2002-05-16,"There is unrest in the Galactic
Senate. Several thousand solar
systems have declared their
intentions to leave the Republic.

This separatist movement,
under the leadership of the
mysterious Count Dooku, has
made it difficult for the limited
number of Jedi Knights to maintain 
peace and order in the galaxy.

Senator Amidala, the former
Queen of Naboo, is returning
to the Galactic Senate to vote
on the critical issue of creating
an ARMY OF THE REPUBLIC
to assist the overwhelmed
Jedi....",,tt0121765,2025-03-18 21:50:35.120285,2025-03-18 21:50:35.120285,"Following an assassination attempt on Senator Padm√© Amidala, Jedi Knights Anakin Skywalker and Obi-Wan Kenobi investigate a mysterious plot that could change the galaxy forever."
6,Revenge of the Sith,3,George Lucas,Rick McCallum,2005-05-19,"War! The Republic is crumbling
under attacks by the ruthless
Sith Lord, Count Dooku.
There are heroes on both sides.
Evil is everywhere.

In a stunning move, the
fiendish droid leader, General
Grievous, has swept into the
Republic capital and kidnapped
Chancellor Palpatine, leader of
the Galactic Senate.

As the Separatist Droid Army
attempts to flee the besieged
capital with their valuable
hostage, two Jedi Knights lead a
desperate mission to rescue the
captive Chancellor....",,tt0121766,2025-03-18 21:50:35.120285,2025-03-18 21:50:35.120285,The evil Darth Sidious enacts his final plan for unlimited power -- and the heroic Jedi Anakin Skywalker must choose a side.
